Task ID,Workstream,Task Type,Task Title,Description,Requirement ID(s),Priority,Status,Acceptance Criteria,Dependency / Input
TASK-001,Discovery / Configuration,NEW,Finalize short-stay vs long-term accommodation model,"Define how rooms/accommodations are identified as short-stay, long-term, or eligible for both, including UI and database implications.",FR-014,High,Planned,Approved classification/configuration model documented and implementable.,Client business decision during Month 1
TASK-002,Data Model,NEW,Add accommodation classification/configuration fields,Implement the approved data fields and configuration required to manage short-stay and long-term accommodation.,FR-014,High,Planned,Admin can configure the approved accommodation classification without direct database editing.,TASK-001
TASK-003,Booking Rules,IMPROVEMENT,Configurable short-stay interval,Allow admin to set the short-stay billing/booking interval as every X hours according to business policy.,FR-002,High,Planned,Changing X changes allowed/calculated short-stay duration behavior consistently.,Existing booking engine
TASK-004,Booking Rules,NEW,Short-stay to long-term upgrade,Allow an active/eligible short-stay booking to be upgraded to long-term accommodation.,FR-015,High,Planned,Authorized user can upgrade an eligible booking while preserving transaction history and recalculated commercial values.,TASK-001; TASK-003
TASK-005,Booking Rules,NEW,Prevent long-term downgrade to short-stay rate,Enforce the rule that a long-term booking cannot be downgraded to obtain a short-stay rate.,FR-015,High,Planned,System prevents prohibited downgrade/rate conversion and records attempted/approved changes appropriately.,TASK-004
TASK-006,Workflow,NEW,Configurable cancellation options,Provide administrator-configurable cancellation options rather than hard-coded cancellation policy.,FR-016,Medium,Planned,Admin can configure available cancellation behaviors/options and system applies selected configuration.,Client configuration values
TASK-007,Dashboard,IMPROVEMENT,Improve operational dashboard,Enhance dashboard components so KPI/content presentation can be configured to client operational needs.,FR-010,High,Planned,Approved dashboard widgets/KPIs display accurate data for the configured client view.,Client KPI confirmation
TASK-008,Reporting,IMPROVEMENT,Improve revenue and payment reports,Enhance revenue/payment reporting and visibility of admin-verified received payments.,FR-011,High,Planned,Reports clearly distinguish payment status and verified received payments according to approved rules.,Revenue-recognition clarification if accounting basis is requested
TASK-009,Venue Booking,IMPROVEMENT,Improve venue/hall booking workflow,Refine the existing venue booking workflow for better configuration and operational usability.,FR-012,Medium,Planned,Venue booking flow supports approved client variables and prevents inconsistent booking state.,Existing venue module
TASK-010,Venue Configuration,IMPROVEMENT,Configurable venue pricing/payment variables,Replace fixed venue pricing/payment values with administrator-configurable business variables.,FR-013,Medium,Planned,Authorized admin can update venue-related values without code changes and bookings use the active values.,TASK-009
TASK-011,Security / Audit,NEW,User access history,Create access/log-in history capturing user identity and timestamp for access events where technically available.,SEC-001,High,Planned,Authorized admin can review access history with user and timestamp.,Existing authentication model
TASK-012,Security / Audit,NEW,Booking transaction audit trail,"Log material booking changes including actor, timestamp, and changed data/action.",SEC-002,High,Planned,Material booking changes are traceable to user and time with before/after or action detail as designed.,Existing booking workflows
TASK-013,Security / Audit,NEW,Payment transaction audit trail,Log material payment-record changes and admin verification actions.,SEC-002,High,Planned,Payment creation/update/verification actions are traceable to user and timestamp.,Existing payment workflows
TASK-014,Browser Compatibility,IMPROVEMENT,Cross-device browser validation,"Validate modified workflows across supported phone, tablet/iPad, laptop, and desktop browser form factors.",NFR-001,Medium,Planned,Approved modified workflows are usable without blocking layout/function issues across agreed browsers/devices.,Completion of UI-affecting tasks
TASK-015,QA / Regression,IMPROVEMENT,Regression test existing retained features,"Confirm that retained room availability, payment status, manual references, payment verification, and proof-of-payment functions remain operational after changes.",FR-004; FR-006; FR-007; FR-008; FR-009,High,Planned,No critical regression in retained existing functions.,Completion of development tasks
TASK-016,Deployment,IMPROVEMENT,Deploy approved application adjustments,Deploy tested enhancements to the client-provided server environment and validate application access.,Implementation,High,Planned,Approved build is deployed and accessible in the client environment.,Client server/VPN readiness
TASK-017,Support Transition,IMPROVEMENT,Handover to monthly maintenance/support,Transition the system after Month 1 adjustments into the agreed monthly support arrangement.,OPS-001,Medium,Planned,"Support channels, issue classification, and escalation process are active.",Month 1 acceptance
